{
  "nm": "CHECK",
  "ddd": 0,
  "h": 1000,
  "w": 1000,
  "meta": {"g": "@lottiefiles/toolkit-js 0.33.2"},
  "layers": [
    {
      "ty": 4,
      "nm": "Shape Layer 3",
      "sr": 1,
      "st": 0,
      "op": 30,
      "ip": 0,
      "hd": false,
      "ddd": 0,
      "bm": 0,
      "hasMask": false,
      "ao": 0,
      "ks": {
        "a": {"a": 0, "k": [0, 9, 0], "ix": 1},
        "s": {"a": 0, "k": [100, 100, 100], "ix": 6},
        "sk": {"a": 0, "k": 0},
        "p": {"a": 0, "k": [500, 500, 0], "ix": 2},
        "r": {
          "a": 1,
          "k": [
            {"o": {"x": 0.167, "y": 0.167}, "i": {"x": 0.833, "y": 0.833}, "s": [0], "t": 0},
            {"s": [0], "t": 29}
          ]
        },
        "sa": {"a": 0, "k": 0},
        "o": {"a": 0, "k": 100, "ix": 11}
      },
      "ef": [],
      "shapes": [
        {
          "ty": "gr",
          "bm": 0,
          "hd": false,
          "mn": "ADBE Vector Group",
          "nm": "Ellipse 1",
          "ix": 1,
          "cix": 2,
          "np": 3,
          "it": [
            {
              "ty": "el",
              "bm": 0,
              "hd": false,
              "mn": "ADBE Vector Shape - Ellipse",
              "nm": "Ellipse Path 1",
              "d": 1,
              "p": {"a": 0, "k": [0, 0], "ix": 3},
              "s": {"a": 0, "k": [494, 494], "ix": 2}
            },
            {
              "ty": "st",
              "bm": 0,
              "hd": false,
              "mn": "ADBE Vector Graphic - Stroke",
              "nm": "Stroke 1",
              "lc": 2,
              "lj": 1,
              "ml": 4,
              "o": {"a": 0, "k": 100, "ix": 4},
              "w": {"a": 0, "k": 40, "ix": 5},
              "c": {"a": 0, "k": [0.2863, 0.749, 0.3882], "ix": 3}
            },
            {
              "ty": "tr",
              "a": {"a": 0, "k": [0, 0], "ix": 1},
              "s": {"a": 0, "k": [100, 100], "ix": 3},
              "sk": {"a": 0, "k": 0, "ix": 4},
              "p": {"a": 0, "k": [0, 9], "ix": 2},
              "r": {"a": 0, "k": 0, "ix": 6},
              "sa": {"a": 0, "k": 0, "ix": 5},
              "o": {"a": 0, "k": 100, "ix": 7}
            }
          ]
        },
        {
          "ty": "tm",
          "bm": 0,
          "hd": false,
          "mn": "ADBE Vector Filter - Trim",
          "nm": "Trim Paths 1",
          "ix": 2,
          "e": {
            "a": 1,
            "k": [
              {"o": {"x": 0.167, "y": 0.167}, "i": {"x": 0.833, "y": 0.833}, "s": [0], "t": 0},
              {"o": {"x": 0.167, "y": 0.167}, "i": {"x": 0.833, "y": 0.833}, "s": [0.195], "t": 2},
              {"o": {"x": 0.167, "y": 0.167}, "i": {"x": 0.833, "y": 0.833}, "s": [0.391], "t": 3},
              {"o": {"x": 0.167, "y": 0.167}, "i": {"x": 0.833, "y": 0.833}, "s": [0.781], "t": 4},
              {"o": {"x": 0.167, "y": 0.167}, "i": {"x": 0.833, "y": 0.833}, "s": [1.562], "t": 5},
              {"o": {"x": 0.167, "y": 0.167}, "i": {"x": 0.833, "y": 0.833}, "s": [3.125], "t": 6},
              {"o": {"x": 0.167, "y": 0.167}, "i": {"x": 0.833, "y": 0.833}, "s": [6.25], "t": 7},
              {"o": {"x": 0.167, "y": 0.167}, "i": {"x": 0.833, "y": 0.833}, "s": [12.5], "t": 8},
              {"o": {"x": 0.167, "y": 0.167}, "i": {"x": 0.833, "y": 0.833}, "s": [25], "t": 9},
              {"o": {"x": 0.167, "y": 0.167}, "i": {"x": 0.833, "y": 0.833}, "s": [75], "t": 11},
              {"o": {"x": 0.167, "y": 0.167}, "i": {"x": 0.833, "y": 0.833}, "s": [87.5], "t": 12},
              {"o": {"x": 0.167, "y": 0.167}, "i": {"x": 0.833, "y": 0.833}, "s": [93.75], "t": 13},
              {"o": {"x": 0.167, "y": 0.167}, "i": {"x": 0.833, "y": 0.833}, "s": [96.875], "t": 14},
              {"o": {"x": 0.167, "y": 0.167}, "i": {"x": 0.833, "y": 0.833}, "s": [98.438], "t": 15},
              {"o": {"x": 0.167, "y": 0.167}, "i": {"x": 0.833, "y": 0.833}, "s": [99.219], "t": 16},
              {"o": {"x": 0.167, "y": 0.167}, "i": {"x": 0.833, "y": 0.833}, "s": [99.609], "t": 17},
              {"o": {"x": 0.167, "y": 0.167}, "i": {"x": 0.833, "y": 0.833}, "s": [99.805], "t": 18},
              {"s": [100], "t": 20}
            ]
          },
          "o": {
            "a": 1,
            "k": [
              {"o": {"x": 0.167, "y": 0.167}, "i": {"x": 0.833, "y": 0.833}, "s": [-180], "t": 0},
              {"o": {"x": 0.167, "y": 0.167}, "i": {"x": 0.833, "y": 0.833}, "s": [-179.791], "t": 1},
              {"o": {"x": 0.167, "y": 0.167}, "i": {"x": 0.833, "y": 0.833}, "s": [-179.5], "t": 2},
              {"o": {"x": 0.167, "y": 0.167}, "i": {"x": 0.833, "y": 0.833}, "s": [-178.819], "t": 3},
              {"o": {"x": 0.167, "y": 0.167}, "i": {"x": 0.833, "y": 0.833}, "s": [-177.188], "t": 4},
              {"o": {"x": 0.167, "y": 0.167}, "i": {"x": 0.833, "y": 0.833}, "s": [-173.309], "t": 5},
              {"o": {"x": 0.167, "y": 0.167}, "i": {"x": 0.833, "y": 0.833}, "s": [-164.092], "t": 6},
              {"o": {"x": 0.167, "y": 0.167}, "i": {"x": 0.833, "y": 0.833}, "s": [-142.158], "t": 7},
              {"o": {"x": 0.167, "y": 0.167}, "i": {"x": 0.833, "y": 0.833}, "s": [-37.842], "t": 9},
              {"o": {"x": 0.167, "y": 0.167}, "i": {"x": 0.833, "y": 0.833}, "s": [-15.908], "t": 10},
              {"o": {"x": 0.167, "y": 0.167}, "i": {"x": 0.833, "y": 0.833}, "s": [-6.691], "t": 11},
              {"o": {"x": 0.167, "y": 0.167}, "i": {"x": 0.833, "y": 0.833}, "s": [-2.812], "t": 12},
              {"o": {"x": 0.167, "y": 0.167}, "i": {"x": 0.833, "y": 0.833}, "s": [-1.181], "t": 13},
              {"o": {"x": 0.167, "y": 0.167}, "i": {"x": 0.833, "y": 0.833}, "s": [-0.5], "t": 14},
              {"o": {"x": 0.167, "y": 0.167}, "i": {"x": 0.833, "y": 0.833}, "s": [-0.209], "t": 15},
              {"s": [0], "t": 16}
            ]
          },
          "s": {"a": 0, "k": 0, "ix": 1},
          "m": 1
        }
      ],
      "ind": 1
    },
    {
      "ty": 4,
      "nm": "Shape Layer 2",
      "sr": 1,
      "st": 0,
      "op": 30,
      "ip": 0,
      "hd": false,
      "ddd": 0,
      "bm": 0,
      "hasMask": false,
      "ao": 0,
      "ks": {
        "a": {"a": 0, "k": [0, 0, 0], "ix": 1},
        "s": {"a": 0, "k": [100, 100, 100], "ix": 6},
        "sk": {"a": 0, "k": 0},
        "p": {"a": 0, "k": [500, 500, 0], "ix": 2},
        "r": {"a": 0, "k": 0, "ix": 10},
        "sa": {"a": 0, "k": 0},
        "o": {
          "a": 1,
          "k": [
            {"o": {"x": 0.167, "y": 0.167}, "i": {"x": 0.833, "y": 0.833}, "s": [0], "t": 0},
            {"s": [100], "t": 1.5}
          ],
          "ix": 11
        }
      },
      "ef": [],
      "shapes": [
        {
          "ty": "gr",
          "bm": 0,
          "hd": false,
          "mn": "ADBE Vector Group",
          "nm": "Shape 1",
          "ix": 1,
          "cix": 2,
          "np": 3,
          "it": [
            {
              "ty": "sh",
              "bm": 0,
              "hd": false,
              "mn": "ADBE Vector Shape - Group",
              "nm": "Path 1",
              "ix": 1,
              "d": 1,
              "ks": {
                "a": 1,
                "k": [
                  {
                    "o": {"x": 0.167, "y": 0.167},
                    "i": {"x": 0.833, "y": 0.833},
                    "s": [
                      {
                        "c": true,
                        "i": [
                          [0, 0],
                          [0, 0],
                          [0, 0],
                          [0, 0],
                          [0, 0],
                          [0, 0]
                        ],
                        "o": [
                          [0, 0],
                          [0, 0],
                          [0, 0],
                          [0, 0],
                          [0, 0],
                          [0, 0]
                        ],
                        "v": [
                          [-89, -33.188],
                          [-88.875, -33.062],
                          [-89, -32.5],
                          [-124.5, 3],
                          [-124.437, 3.188],
                          [-88.75, -33.062]
                        ]
                      }
                    ],
                    "t": 0
                  },
                  {
                    "o": {"x": 0.167, "y": 0.167},
                    "i": {"x": 0.833, "y": 0.833},
                    "s": [
                      {
                        "c": true,
                        "i": [
                          [0, 0],
                          [0, 0],
                          [0, 0],
                          [0, 0],
                          [0, 0],
                          [0, 0]
                        ],
                        "o": [
                          [0, 0],
                          [0, 0],
                          [0, 0],
                          [0, 0],
                          [0, 0],
                          [0, 0]
                        ],
                        "v": [
                          [-62.748, -6.833],
                          [-62.624, -6.708],
                          [-89, -32.5],
                          [-124.5, 3],
                          [-83.642, 43.932],
                          [-47.954, 7.682]
                        ]
                      }
                    ],
                    "t": 1
                  },
                  {
                    "o": {"x": 0.167, "y": 0.167},
                    "i": {"x": 0.833, "y": 0.833},
                    "s": [
                      {
                        "c": true,
                        "i": [
                          [0, 0],
                          [0, 0],
                          [0, 0],
                          [0, 0],
                          [0, 0],
                          [0, 0]
                        ],
                        "o": [
                          [0, 0],
                          [0, 0],
                          [0, 0],
                          [0, 0],
                          [0, 0],
                          [0, 0]
                        ],
                        "v": [
                          [-41.913, 14.085],
                          [-41.788, 14.21],
                          [-89, -32.5],
                          [-124.5, 3],
                          [-51.263, 76.27],
                          [-15.575, 40.02]
                        ]
                      }
                    ],
                    "t": 2
                  },
                  {
                    "o": {"x": 0.167, "y": 0.167},
                    "i": {"x": 0.833, "y": 0.833},
                    "s": [
                      {
                        "c": true,
                        "i": [
                          [0, 0],
                          [0, 0],
                          [0, 0],
                          [0, 0],
                          [0, 0],
                          [0, 0]
                        ],
                        "o": [
                          [0, 0],
                          [0, 0],
                          [0, 0],
                          [0, 0],
                          [0, 0],
                          [0, 0]
                        ],
                        "v": [
                          [-25.375, 30.688],
                          [-25.25, 30.812],
                          [-89, -32.5],
                          [-124.5, 3],
                          [-25.562, 101.938],
                          [10.125, 65.688]
                        ]
                      }
                    ],
                    "t": 3
                  },
                  {
                    "o": {"x": 0.167, "y": 0.167},
                    "i": {"x": 0.833, "y": 0.833},
                    "s": [
                      {
                        "c": true,
                        "i": [
                          [0, 0],
                          [0, 0],
                          [0, 0],
                          [0, 0],
                          [0, 0],
                          [0, 0]
                        ],
                        "o": [
                          [0, 0],
                          [0, 0],
                          [0, 0],
                          [0, 0],
                          [0, 0],
                          [0, 0]
                        ],
                        "v": [
                          [1.111, 4.24],
                          [-25.25, 30.812],
                          [-89, -32.5],
                          [-124.5, 3],
                          [-25.562, 101.937],
                          [36.611, 39.24]
                        ]
                      }
                    ],
                    "t": 4
                  },
                  {
                    "o": {"x": 0.167, "y": 0.167},
                    "i": {"x": 0.833, "y": 0.833},
                    "s": [
                      {
                        "c": true,
                        "i": [
                          [0, 0],
                          [0, 0],
                          [0, 0],
                          [0, 0],
                          [0, 0],
                          [0, 0]
                        ],
                        "o": [
                          [0, 0],
                          [0, 0],
                          [0, 0],
                          [0, 0],
                          [0, 0],
                          [0, 0]
                        ],
                        "v": [
                          [22.13, -16.749],
                          [-25.25, 30.812],
                          [-89, -32.5],
                          [-124.5, 3],
                          [-25.562, 101.937],
                          [57.63, 18.251]
                        ]
                      }
                    ],
                    "t": 5
                  },
                  {
                    "o": {"x": 0.167, "y": 0.167},
                    "i": {"x": 0.833, "y": 0.833},
                    "s": [
                      {
                        "c": true,
                        "i": [
                          [0, 0],
                          [0, 0],
                          [0, 0],
                          [0, 0],
                          [0, 0],
                          [0, 0]
                        ],
                        "o": [
                          [0, 0],
                          [0, 0],
                          [0, 0],
                          [0, 0],
                          [0, 0],
                          [0, 0]
                        ],
                        "v": [
                          [38.812, -33.406],
                          [-25.25, 30.812],
                          [-89, -32.5],
                          [-124.5, 3],
                          [-25.562, 101.938],
                          [74.312, 1.594]
                        ]
                      }
                    ],
                    "t": 6
                  },
                  {
                    "o": {"x": 0.167, "y": 0.167},
                    "i": {"x": 0.833, "y": 0.833},
                    "s": [
                      {
                        "c": true,
                        "i": [
                          [0, 0],
                          [0, 0],
                          [0, 0],
                          [0, 0],
                          [0, 0],
                          [0, 0]
                        ],
                        "o": [
                          [0, 0],
                          [0, 0],
                          [0, 0],
                          [0, 0],
                          [0, 0],
                          [0, 0]
                        ],
                        "v": [
                          [52.055, -46.63],
                          [-25.25, 30.812],
                          [-89, -32.5],
                          [-124.5, 3],
                          [-25.562, 101.938],
                          [87.555, -11.63]
                        ]
                      }
                    ],
                    "t": 7
                  },
                  {
                    "o": {"x": 0.167, "y": 0.167},
                    "i": {"x": 0.833, "y": 0.833},
                    "s": [
                      {
                        "c": true,
                        "i": [
                          [0, 0],
                          [0, 0],
                          [0, 0],
                          [0, 0],
                          [0, 0],
                          [0, 0]
                        ],
                        "o": [
                          [0, 0],
                          [0, 0],
                          [0, 0],
                          [0, 0],
                          [0, 0],
                          [0, 0]
                        ],
                        "v": [
                          [62.565, -57.124],
                          [-25.25, 30.812],
                          [-89, -32.5],
                          [-124.5, 3],
                          [-25.562, 101.938],
                          [98.065, -22.124]
                        ]
                      }
                    ],
                    "t": 8
                  },
                  {
                    "o": {"x": 0.167, "y": 0.167},
                    "i": {"x": 0.833, "y": 0.833},
                    "s": [
                      {
                        "c": true,
                        "i": [
                          [0, 0],
                          [0, 0],
                          [0, 0],
                          [0, 0],
                          [0, 0],
                          [0, 0]
                        ],
                        "o": [
                          [0, 0],
                          [0, 0],
                          [0, 0],
                          [0, 0],
                          [0, 0],
                          [0, 0]
                        ],
                        "v": [
                          [70.906, -65.453],
                          [-25.25, 30.812],
                          [-89, -32.5],
                          [-124.5, 3],
                          [-25.562, 101.938],
                          [106.406, -30.453]
                        ]
                      }
                    ],
                    "t": 9
                  },
                  {
                    "o": {"x": 0.167, "y": 0.167},
                    "i": {"x": 0.833, "y": 0.833},
                    "s": [
                      {
                        "c": true,
                        "i": [
                          [0, 0],
                          [0, 0],
                          [0, 0],
                          [0, 0],
                          [0, 0],
                          [0, 0]
                        ],
                        "o": [
                          [0, 0],
                          [0, 0],
                          [0, 0],
                          [0, 0],
                          [0, 0],
                          [0, 0]
                        ],
                        "v": [
                          [77.526, -72.063],
                          [-25.25, 30.812],
                          [-89, -32.5],
                          [-124.5, 3],
                          [-25.562, 101.938],
                          [113.026, -37.063]
                        ]
                      }
                    ],
                    "t": 10
                  },
                  {
                    "o": {"x": 0.167, "y": 0.167},
                    "i": {"x": 0.833, "y": 0.833},
                    "s": [
                      {
                        "c": true,
                        "i": [
                          [0, 0],
                          [0, 0],
                          [0, 0],
                          [0, 0],
                          [0, 0],
                          [0, 0]
                        ],
                        "o": [
                          [0, 0],
                          [0, 0],
                          [0, 0],
                          [0, 0],
                          [0, 0],
                          [0, 0]
                        ],
                        "v": [
                          [82.783, -77.312],
                          [-25.25, 30.812],
                          [-89, -32.5],
                          [-124.5, 3],
                          [-25.562, 101.938],
                          [118.283, -42.312]
                        ]
                      }
                    ],
                    "t": 11
                  },
                  {
                    "o": {"x": 0.167, "y": 0.167},
                    "i": {"x": 0.833, "y": 0.833},
                    "s": [
                      {
                        "c": true,
                        "i": [
                          [0, 0],
                          [0, 0],
                          [0, 0],
                          [0, 0],
                          [0, 0],
                          [0, 0]
                        ],
                        "o": [
                          [0, 0],
                          [0, 0],
                          [0, 0],
                          [0, 0],
                          [0, 0],
                          [0, 0]
                        ],
                        "v": [
                          [86.953, -81.477],
                          [-25.25, 30.812],
                          [-89, -32.5],
                          [-124.5, 3],
                          [-25.562, 101.938],
                          [122.453, -46.477]
                        ]
                      }
                    ],
                    "t": 12
                  },
                  {
                    "o": {"x": 0.167, "y": 0.167},
                    "i": {"x": 0.833, "y": 0.833},
                    "s": [
                      {
                        "c": true,
                        "i": [
                          [0, 0],
                          [0, 0],
                          [0, 0],
                          [0, 0],
                          [0, 0],
                          [0, 0]
                        ],
                        "o": [
                          [0, 0],
                          [0, 0],
                          [0, 0],
                          [0, 0],
                          [0, 0],
                          [0, 0]
                        ],
                        "v": [
                          [90.263, -84.781],
                          [-25.25, 30.812],
                          [-89, -32.5],
                          [-124.5, 3],
                          [-25.562, 101.938],
                          [125.763, -49.781]
                        ]
                      }
                    ],
                    "t": 13
                  },
                  {
                    "o": {"x": 0.167, "y": 0.167},
                    "i": {"x": 0.833, "y": 0.833},
                    "s": [
                      {
                        "c": true,
                        "i": [
                          [0, 0],
                          [0, 0],
                          [0, 0],
                          [0, 0],
                          [0, 0],
                          [0, 0]
                        ],
                        "o": [
                          [0, 0],
                          [0, 0],
                          [0, 0],
                          [0, 0],
                          [0, 0],
                          [0, 0]
                        ],
                        "v": [
                          [92.891, -87.406],
                          [-25.25, 30.813],
                          [-89, -32.5],
                          [-124.5, 3],
                          [-25.562, 101.938],
                          [128.391, -52.406]
                        ]
                      }
                    ],
                    "t": 14
                  },
                  {
                    "o": {"x": 0.167, "y": 0.167},
                    "i": {"x": 0.833, "y": 0.833},
                    "s": [
                      {
                        "c": true,
                        "i": [
                          [0, 0],
                          [0, 0],
                          [0, 0],
                          [0, 0],
                          [0, 0],
                          [0, 0]
                        ],
                        "o": [
                          [0, 0],
                          [0, 0],
                          [0, 0],
                          [0, 0],
                          [0, 0],
                          [0, 0]
                        ],
                        "v": [
                          [94.977, -89.488],
                          [-25.25, 30.812],
                          [-89, -32.5],
                          [-124.5, 3],
                          [-25.562, 101.938],
                          [130.477, -54.488]
                        ]
                      }
                    ],
                    "t": 15
                  },
                  {
                    "o": {"x": 0.167, "y": 0.167},
                    "i": {"x": 0.833, "y": 0.833},
                    "s": [
                      {
                        "c": true,
                        "i": [
                          [0, 0],
                          [0, 0],
                          [0, 0],
                          [0, 0],
                          [0, 0],
                          [0, 0]
                        ],
                        "o": [
                          [0, 0],
                          [0, 0],
                          [0, 0],
                          [0, 0],
                          [0, 0],
                          [0, 0]
                        ],
                        "v": [
                          [96.631, -91.141],
                          [-25.25, 30.812],
                          [-89, -32.5],
                          [-124.5, 3],
                          [-25.562, 101.938],
                          [132.131, -56.141]
                        ]
                      }
                    ],
                    "t": 16
                  },
                  {
                    "o": {"x": 0.167, "y": 0.167},
                    "i": {"x": 0.833, "y": 0.833},
                    "s": [
                      {
                        "c": true,
                        "i": [
                          [0, 0],
                          [0, 0],
                          [0, 0],
                          [0, 0],
                          [0, 0],
                          [0, 0]
                        ],
                        "o": [
                          [0, 0],
                          [0, 0],
                          [0, 0],
                          [0, 0],
                          [0, 0],
                          [0, 0]
                        ],
                        "v": [
                          [97.944, -92.451],
                          [-25.25, 30.813],
                          [-89, -32.5],
                          [-124.5, 3],
                          [-25.562, 101.938],
                          [133.444, -57.451]
                        ]
                      }
                    ],
                    "t": 17
                  },
                  {
                    "o": {"x": 0.167, "y": 0.167},
                    "i": {"x": 0.833, "y": 0.833},
                    "s": [
                      {
                        "c": true,
                        "i": [
                          [0, 0],
                          [0, 0],
                          [0, 0],
                          [0, 0],
                          [0, 0],
                          [0, 0]
                        ],
                        "o": [
                          [0, 0],
                          [0, 0],
                          [0, 0],
                          [0, 0],
                          [0, 0],
                          [0, 0]
                        ],
                        "v": [
                          [98.988, -93.494],
                          [-25.25, 30.812],
                          [-89, -32.5],
                          [-124.5, 3],
                          [-25.562, 101.938],
                          [134.488, -58.494]
                        ]
                      }
                    ],
                    "t": 18
                  },
                  {
                    "o": {"x": 0.167, "y": 0.167},
                    "i": {"x": 0.833, "y": 0.833},
                    "s": [
                      {
                        "c": true,
                        "i": [
                          [0, 0],
                          [0, 0],
                          [0, 0],
                          [0, 0],
                          [0, 0],
                          [0, 0]
                        ],
                        "o": [
                          [0, 0],
                          [0, 0],
                          [0, 0],
                          [0, 0],
                          [0, 0],
                          [0, 0]
                        ],
                        "v": [
                          [99.816, -94.32],
                          [-25.25, 30.813],
                          [-89, -32.5],
                          [-124.5, 3],
                          [-25.562, 101.938],
                          [135.316, -59.32]
                        ]
                      }
                    ],
                    "t": 19
                  },
                  {
                    "o": {"x": 0.167, "y": 0.167},
                    "i": {"x": 0.833, "y": 0.833},
                    "s": [
                      {
                        "c": true,
                        "i": [
                          [0, 0],
                          [0, 0],
                          [0, 0],
                          [0, 0],
                          [0, 0],
                          [0, 0]
                        ],
                        "o": [
                          [0, 0],
                          [0, 0],
                          [0, 0],
                          [0, 0],
                          [0, 0],
                          [0, 0]
                        ],
                        "v": [
                          [100.472, -94.975],
                          [-25.25, 30.812],
                          [-89, -32.5],
                          [-124.5, 3],
                          [-25.562, 101.938],
                          [135.972, -59.975]
                        ]
                      }
                    ],
                    "t": 20
                  },
                  {
                    "o": {"x": 0.167, "y": 0.167},
                    "i": {"x": 0.833, "y": 0.833},
                    "s": [
                      {
                        "c": true,
                        "i": [
                          [0, 0],
                          [0, 0],
                          [0, 0],
                          [0, 0],
                          [0, 0],
                          [0, 0]
                        ],
                        "o": [
                          [0, 0],
                          [0, 0],
                          [0, 0],
                          [0, 0],
                          [0, 0],
                          [0, 0]
                        ],
                        "v": [
                          [100.994, -95.497],
                          [-25.25, 30.813],
                          [-89, -32.5],
                          [-124.5, 3],
                          [-25.562, 101.938],
                          [136.494, -60.497]
                        ]
                      }
                    ],
                    "t": 21
                  },
                  {
                    "o": {"x": 0.167, "y": 0.167},
                    "i": {"x": 0.833, "y": 0.833},
                    "s": [
                      {
                        "c": true,
                        "i": [
                          [0, 0],
                          [0, 0],
                          [0, 0],
                          [0, 0],
                          [0, 0],
                          [0, 0]
                        ],
                        "o": [
                          [0, 0],
                          [0, 0],
                          [0, 0],
                          [0, 0],
                          [0, 0],
                          [0, 0]
                        ],
                        "v": [
                          [101.408, -95.91],
                          [-25.25, 30.813],
                          [-89, -32.5],
                          [-124.5, 3],
                          [-25.562, 101.938],
                          [136.908, -60.91]
                        ]
                      }
                    ],
                    "t": 22
                  },
                  {
                    "o": {"x": 0.167, "y": 0.167},
                    "i": {"x": 0.833, "y": 0.833},
                    "s": [
                      {
                        "c": true,
                        "i": [
                          [0, 0],
                          [0, 0],
                          [0, 0],
                          [0, 0],
                          [0, 0],
                          [0, 0]
                        ],
                        "o": [
                          [0, 0],
                          [0, 0],
                          [0, 0],
                          [0, 0],
                          [0, 0],
                          [0, 0]
                        ],
                        "v": [
                          [101.738, -96.24],
                          [-25.25, 30.812],
                          [-89, -32.5],
                          [-124.5, 3],
                          [-25.562, 101.938],
                          [137.238, -61.24]
                        ]
                      }
                    ],
                    "t": 23
                  },
                  {
                    "o": {"x": 0.167, "y": 0.167},
                    "i": {"x": 0.833, "y": 0.833},
                    "s": [
                      {
                        "c": true,
                        "i": [
                          [0, 0],
                          [0, 0],
                          [0, 0],
                          [0, 0],
                          [0, 0],
                          [0, 0]
                        ],
                        "o": [
                          [0, 0],
                          [0, 0],
                          [0, 0],
                          [0, 0],
                          [0, 0],
                          [0, 0]
                        ],
                        "v": [
                          [101.997, -96.499],
                          [-25.25, 30.812],
                          [-89, -32.5],
                          [-124.5, 3],
                          [-25.562, 101.938],
                          [137.497, -61.499]
                        ]
                      }
                    ],
                    "t": 24
                  },
                  {
                    "o": {"x": 0.167, "y": 0.167},
                    "i": {"x": 0.833, "y": 0.833},
                    "s": [
                      {
                        "c": true,
                        "i": [
                          [0, 0],
                          [0, 0],
                          [0, 0],
                          [0, 0],
                          [0, 0],
                          [0, 0]
                        ],
                        "o": [
                          [0, 0],
                          [0, 0],
                          [0, 0],
                          [0, 0],
                          [0, 0],
                          [0, 0]
                        ],
                        "v": [
                          [102.206, -96.707],
                          [-25.25, 30.812],
                          [-89, -32.5],
                          [-124.5, 3],
                          [-25.562, 101.938],
                          [137.706, -61.707]
                        ]
                      }
                    ],
                    "t": 25
                  },
                  {
                    "o": {"x": 0.167, "y": 0.167},
                    "i": {"x": 0.833, "y": 0.833},
                    "s": [
                      {
                        "c": true,
                        "i": [
                          [0, 0],
                          [0, 0],
                          [0, 0],
                          [0, 0],
                          [0, 0],
                          [0, 0]
                        ],
                        "o": [
                          [0, 0],
                          [0, 0],
                          [0, 0],
                          [0, 0],
                          [0, 0],
                          [0, 0]
                        ],
                        "v": [
                          [102.369, -96.87],
                          [-25.25, 30.812],
                          [-89, -32.5],
                          [-124.5, 3],
                          [-25.562, 101.938],
                          [137.869, -61.87]
                        ]
                      }
                    ],
                    "t": 26
                  },
                  {
                    "o": {"x": 0.167, "y": 0.167},
                    "i": {"x": 0.833, "y": 0.833},
                    "s": [
                      {
                        "c": true,
                        "i": [
                          [0, 0],
                          [0, 0],
                          [0, 0],
                          [0, 0],
                          [0, 0],
                          [0, 0]
                        ],
                        "o": [
                          [0, 0],
                          [0, 0],
                          [0, 0],
                          [0, 0],
                          [0, 0],
                          [0, 0]
                        ],
                        "v": [
                          [102.499, -96.999],
                          [-25.25, 30.812],
                          [-89, -32.5],
                          [-124.5, 3],
                          [-25.562, 101.938],
                          [137.999, -61.999]
                        ]
                      }
                    ],
                    "t": 27
                  },
                  {
                    "o": {"x": 0.167, "y": 0.167},
                    "i": {"x": 0.833, "y": 0.833},
                    "s": [
                      {
                        "c": true,
                        "i": [
                          [0, 0],
                          [0, 0],
                          [0, 0],
                          [0, 0],
                          [0, 0],
                          [0, 0]
                        ],
                        "o": [
                          [0, 0],
                          [0, 0],
                          [0, 0],
                          [0, 0],
                          [0, 0],
                          [0, 0]
                        ],
                        "v": [
                          [102.603, -97.104],
                          [-25.25, 30.812],
                          [-89, -32.5],
                          [-124.5, 3],
                          [-25.562, 101.938],
                          [138.103, -62.104]
                        ]
                      }
                    ],
                    "t": 28
                  },
                  {
                    "s": [
                      {
                        "c": true,
                        "i": [
                          [0, 0],
                          [0, 0],
                          [0, 0],
                          [0, 0],
                          [0, 0],
                          [0, 0]
                        ],
                        "o": [
                          [0, 0],
                          [0, 0],
                          [0, 0],
                          [0, 0],
                          [0, 0],
                          [0, 0]
                        ],
                        "v": [
                          [102.682, -97.183],
                          [-25.25, 30.813],
                          [-89, -32.5],
                          [-124.5, 3],
                          [-25.562, 101.938],
                          [138.182, -62.183]
                        ]
                      }
                    ],
                    "t": 29
                  }
                ]
              }
            },
            {
              "ty": "fl",
              "bm": 0,
              "hd": false,
              "mn": "ADBE Vector Graphic - Fill",
              "nm": "Fill 1",
              "c": {"a": 0, "k": [0.2863, 0.749, 0.3882], "ix": 4},
              "r": 1,
              "o": {"a": 0, "k": 100, "ix": 5}
            },
            {
              "ty": "tr",
              "a": {"a": 0, "k": [0, 0], "ix": 1},
              "s": {"a": 0, "k": [100, 100], "ix": 3},
              "sk": {"a": 0, "k": 0, "ix": 4},
              "p": {"a": 0, "k": [0, 0], "ix": 2},
              "r": {"a": 0, "k": 0, "ix": 6},
              "sa": {"a": 0, "k": 0, "ix": 5},
              "o": {"a": 0, "k": 100, "ix": 7}
            }
          ]
        },
        {
          "ty": "rd",
          "bm": 0,
          "hd": false,
          "mn": "ADBE Vector Filter - RC",
          "nm": "Round Corners 1",
          "ix": 2,
          "r": {"a": 0, "k": 16, "ix": 1}
        }
      ],
      "ind": 2
    }
  ],
  "v": "5.12.0",
  "fr": 15,
  "op": 30,
  "ip": 0,
  "assets": []
}
